antecedent,consequent,support,confidence,lift
REGENCY TEA PLATE GREEN,REGENCY TEA PLATE ROSES,0.01608430393788131,0.837270341207349,37.31591612846147
REGENCY TEA PLATE ROSES,REGENCY TEA PLATE GREEN,0.01608430393788131,0.7168539325842697,37.31591612846147
POPPY'S PLAYHOUSE BEDROOM,POPPY'S PLAYHOUSE KITCHEN,0.0157817778450058,0.739952718676123,33.659363003448505
POPPY'S PLAYHOUSE KITCHEN,POPPY'S PLAYHOUSE BEDROOM,0.0157817778450058,0.7178899082568807,33.659363003448505
SET/6 RED SPOTTY PAPER CUPS,SET/6 RED SPOTTY PAPER PLATES,0.017647355417738115,0.8177570093457944,30.775284186632145
SET/6 RED SPOTTY PAPER PLATES,SET/6 RED SPOTTY PAPER CUPS,0.017647355417738115,0.6641366223908919,30.775284186632145
SMALL MARSHMALLOWS PINK BOWL,SMALL DOLLY MIX DESIGN ORANGE BOWL,0.017596934402258863,0.7807606263982103,29.382970594602856
SMALL DOLLY MIX DESIGN ORANGE BOWL,SMALL MARSHMALLOWS PINK BOWL,0.017596934402258863,0.6622390891840607,29.382970594602853
WOODEN STAR CHRISTMAS SCANDINAVIAN,WOODEN HEART CHRISTMAS SCANDINAVIAN,0.01956335400594968,0.7578125,27.936236640334574
WOODEN HEART CHRISTMAS SCANDINAVIAN,WOODEN STAR CHRISTMAS SCANDINAVIAN,0.01956335400594968,0.7211895910780669,27.93623664033457
SET OF 12 MINI LOAF BAKING CASES,SET OF 12 FAIRY CAKE BAKING CASES,0.015428830736651036,0.6891891891891891,24.762118096357227
SET OF 12 FAIRY CAKE BAKING CASES,SET OF 12 MINI LOAF BAKING CASES,0.015428830736651036,0.5543478260869565,24.762118096357227
JUMBO BAG VINTAGE CHRISTMAS,JUMBO BAG 50'S CHRISTMAS,0.016235566984319064,0.6764705882352942,18.738046335852776
JUMBO BAG 50'S CHRISTMAS,JUMBO BAG VINTAGE CHRISTMAS,0.016235566984319064,0.4497206703910614,18.738046335852776
HAND WARMER OWL DESIGN,HAND WARMER SCOTTY DOG DESIGN,0.016891040185549336,0.5122324159021406,18.538513694502107
HAND WARMER SCOTTY DOG DESIGN,HAND WARMER OWL DESIGN,0.016891040185549336,0.6113138686131386,18.538513694502107
DOTCOM POSTAGE,SUKI  SHOULDER BAG,0.016941461201028588,0.47592067988668546,17.809311026778552
SUKI  SHOULDER BAG,DOTCOM POSTAGE,0.016941461201028588,0.6339622641509434,17.809311026778552
HAND WARMER OWL DESIGN,HAND WARMER BIRD DESIGN,0.015680935814047295,0.47553516819571867,17.02398734806081
HAND WARMER BIRD DESIGN,HAND WARMER OWL DESIGN,0.015680935814047295,0.5613718411552346,17.02398734806081
LARGE WHITE HEART OF WICKER,SMALL WHITE HEART OF WICKER,0.015025462612817023,0.5302491103202848,16.719285540512253
SMALL WHITE HEART OF WICKER,LARGE WHITE HEART OF WICKER,0.015025462612817023,0.4737678855325914,16.719285540512253
PINK REGENCY TEACUP AND SAUCER,GREEN REGENCY TEACUP AND SAUCER,0.03186608178288711,0.8261437908496732,16.17463949054449
GREEN REGENCY TEACUP AND SAUCER,PINK REGENCY TEACUP AND SAUCER,0.03186608178288711,0.6238894373149062,16.17463949054449
RED  HARMONICA IN BOX,BLUE HARMONICA IN BOX,0.015933040891443553,0.47806354009077157,15.723771460398462
BLUE HARMONICA IN BOX,RED  HARMONICA IN BOX,0.015933040891443553,0.5240464344941956,15.72377146039846
GARDENERS KNEELING PAD KEEP CALM,GARDENERS KNEELING PAD CUP OF TEA,0.027529874451671456,0.5980284775465499,15.647359888101217
GARDENERS KNEELING PAD CUP OF TEA,GARDENERS KNEELING PAD KEEP CALM,0.027529874451671456,0.7203166226912928,15.647359888101215
BAKING SET 9 PIECE RETROSPOT,BAKING SET SPACEBOY DESIGN,0.016840619170070084,0.3576017130620985,15.28516115336336
BAKING SET SPACEBOY DESIGN,BAKING SET 9 PIECE RETROSPOT,0.016840619170070084,0.7198275862068965,15.28516115336336
PINK REGENCY TEACUP AND SAUCER,ROSES REGENCY TEACUP AND SAUCER,0.03015176725659255,0.7816993464052288,14.557223603056245
ROSES REGENCY TEACUP AND SAUCER,PINK REGENCY TEACUP AND SAUCER,0.03015176725659255,0.5615023474178403,14.557223603056245
ROUND SNACK BOXES SET OF 4 FRUITS,ROUND SNACK BOXES SET OF4 WOODLAND,0.01552967276760954,0.5301204819277109,14.363223385344657
ROUND SNACK BOXES SET OF4 WOODLAND,ROUND SNACK BOXES SET OF 4 FRUITS,0.01552967276760954,0.42076502732240434,14.363223385344657
PLASTERS IN TIN SPACEBOY,PLASTERS IN TIN WOODLAND ANIMALS,0.017143145262945594,0.5052005943536404,14.232447994056463
PLASTERS IN TIN WOODLAND ANIMALS,PLASTERS IN TIN SPACEBOY,0.017143145262945594,0.48295454545454536,14.232447994056463
SET/6 RED SPOTTY PAPER PLATES,SET/20 RED RETROSPOT PAPER NAPKINS,0.01865577572732315,0.7020872865275143,14.122208066633055
SET/20 RED RETROSPOT PAPER NAPKINS,SET/6 RED SPOTTY PAPER PLATES,0.01865577572732315,0.3752535496957404,14.122208066633052
GREEN REGENCY TEACUP AND SAUCER,ROSES REGENCY TEACUP AND SAUCER,0.038672918872586094,0.7571569595261599,14.100182139232235
ROSES REGENCY TEACUP AND SAUCER,GREEN REGENCY TEACUP AND SAUCER,0.038672918872586094,0.72018779342723,14.100182139232233
STRAWBERRY CHARLOTTE BAG,CHARLOTTE BAG PINK POLKADOT,0.019109564866636414,0.5249307479224377,14.030931972433565
CHARLOTTE BAG PINK POLKADOT,STRAWBERRY CHARLOTTE BAG,0.019109564866636414,0.5107816711590296,14.030931972433565
DOLLY GIRL LUNCH BOX,SPACEBOY LUNCH BOX,0.027126506327837443,0.6329411764705883,13.947913725490197
SPACEBOY LUNCH BOX,DOLLY GIRL LUNCH BOX,0.027126506327837443,0.5977777777777777,13.947913725490196
JUMBO BAG APPLES,JUMBO BAG PEARS,0.02047093228457621,0.41513292433537835,13.837531577047997
JUMBO BAG PEARS,JUMBO BAG APPLES,0.02047093228457621,0.6823529411764705,13.837531577047995
HOT WATER BOTTLE I AM SO POORLY,CHOCOLATE HOT WATER BOTTLE,0.019765038067866687,0.5966514459665145,13.791827654841354
CHOCOLATE HOT WATER BOTTLE,HOT WATER BOTTLE I AM SO POORLY,0.019765038067866687,0.45687645687645684,13.791827654841352
CHARLOTTE BAG PINK POLKADOT,RED RETROSPOT CHARLOTTE BAG,0.026319770080169416,0.7035040431266847,13.519957061367768
RED RETROSPOT CHARLOTTE BAG,CHARLOTTE BAG PINK POLKADOT,0.026319770080169416,0.5058139534883721,13.519957061367768
STRAWBERRY CHARLOTTE BAG,WOODLAND CHARLOTTE BAG,0.02047093228457621,0.5623268698060941,13.38850997462697
WOODLAND CHARLOTTE BAG,STRAWBERRY CHARLOTTE BAG,0.02047093228457621,0.48739495798319327,13.388509974626968
SET OF 3 HEART COOKIE CUTTERS,SET OF 3 BUTTERFLY COOKIE CUTTERS,0.015680935814047295,0.45401459854014603,13.087894669835345
SET OF 3 BUTTERFLY COOKIE CUTTERS,SET OF 3 HEART COOKIE CUTTERS,0.015680935814047295,0.45203488372093026,13.087894669835343
RED RETROSPOT CHARLOTTE BAG,STRAWBERRY CHARLOTTE BAG,0.02450461352291635,0.4709302325581395,12.936231720672549
STRAWBERRY CHARLOTTE BAG,RED RETROSPOT CHARLOTTE BAG,0.02450461352291635,0.6731301939058171,12.936231720672549
STRAWBERRY CHARLOTTE BAG,CHARLOTTE BAG SUKI DESIGN,0.020924721423889476,0.574792243767313,12.92500518212825
CHARLOTTE BAG SUKI DESIGN,STRAWBERRY CHARLOTTE BAG,0.020924721423889476,0.4705215419501133,12.92500518212825
ALARM CLOCK BAKELIKE RED,ALARM CLOCK BAKELIKE ORANGE,0.01522714667473403,0.2873453853472883,12.806564106950043
ALARM CLOCK BAKELIKE ORANGE,ALARM CLOCK BAKELIKE RED,0.01522714667473403,0.6786516853932584,12.806564106950042
RECYCLING BAG RETROSPOT,DOTCOM POSTAGE,0.01704230323198709,0.45187165775401067,12.694009331778036
DOTCOM POSTAGE,RECYCLING BAG RETROSPOT,0.01704230323198709,0.47875354107648715,12.694009331778034
CHARLOTTE BAG PINK POLKADOT,WOODLAND CHARLOTTE BAG,0.019916301114304442,0.532345013477089,12.674668250049347
WOODLAND CHARLOTTE BAG,CHARLOTTE BAG PINK POLKADOT,0.019916301114304442,0.47418967587034816,12.674668250049345
CHARLOTTE BAG PINK POLKADOT,CHARLOTTE BAG SUKI DESIGN,0.020672616346493217,0.5525606469002695,12.425096723325447
CHARLOTTE BAG SUKI DESIGN,CHARLOTTE BAG PINK POLKADOT,0.020672616346493217,0.4648526077097505,12.425096723325447
ALARM CLOCK BAKELIKE RED,ALARM CLOCK BAKELIKE IVORY,0.018807038773760904,0.3549000951474786,12.348655415894639
ALARM CLOCK BAKELIKE IVORY,ALARM CLOCK BAKELIKE RED,0.018807038773760904,0.6543859649122807,12.348655415894637
ALARM CLOCK BAKELIKE RED,ALARM CLOCK BAKELIKE GREEN,0.03226944990672112,0.6089438629876308,12.32365677003437
ALARM CLOCK BAKELIKE GREEN,ALARM CLOCK BAKELIKE RED,0.03226944990672112,0.653061224489796,12.32365677003437
WOODLAND CHARLOTTE BAG,CHARLOTTE BAG SUKI DESIGN,0.0229919830585388,0.5474189675870349,12.309478893598257
CHARLOTTE BAG SUKI DESIGN,WOODLAND CHARLOTTE BAG,0.0229919830585388,0.5170068027210885,12.309478893598257
VINTAGE HEADS AND TAILS CARD GAME,VINTAGE SNAP CARDS,0.017243987293904098,0.5634266886326194,12.067431442387408
VINTAGE SNAP CARDS,VINTAGE HEADS AND TAILS CARD GAME,0.017243987293904098,0.36933045356371486,12.067431442387408
CHOCOLATE HOT WATER BOTTLE,HOT WATER BOTTLE TEA AND SYMPATHY,0.016840619170070084,0.3892773892773892,12.00705826055748
HOT WATER BOTTLE TEA AND SYMPATHY,CHOCOLATE HOT WATER BOTTLE,0.016840619170070084,0.5194401244167962,12.00705826055748
JUMBO BAG SCANDINAVIAN BLUE PAISLEY,JUMBO BAG PINK VINTAGE PAISLEY,0.0173448293248626,0.5196374622356495,11.91441594048513
JUMBO BAG PINK VINTAGE PAISLEY,JUMBO BAG SCANDINAVIAN BLUE PAISLEY,0.0173448293248626,0.3976878612716762,11.914415940485128
JUMBO BAG PEARS,JUMBO BAG VINTAGE LEAF,0.01583219886048505,0.5277310924369748,11.907270484985803
JUMBO BAG VINTAGE LEAF,JUMBO BAG PEARS,0.01583219886048505,0.3572241183162685,11.907270484985803
ALARM CLOCK BAKELIKE GREEN,ALARM CLOCK BAKELIKE IVORY,0.016840619170070084,0.3408163265306122,11.858614393125672
ALARM CLOCK BAKELIKE IVORY,ALARM CLOCK BAKELIKE GREEN,0.016840619170070084,0.5859649122807017,11.85861439312567
DOTCOM POSTAGE,JUMBO BAG WOODLAND ANIMALS,0.018201986588009884,0.5113314447592068,11.75114315632601
JUMBO BAG WOODLAND ANIMALS,DOTCOM POSTAGE,0.018201986588009884,0.4183082271147161,11.75114315632601
WOODLAND CHARLOTTE BAG,RED RETROSPOT CHARLOTTE BAG,0.025462612817022136,0.6062424969987996,11.650782405985652
RED RETROSPOT CHARLOTTE BAG,WOODLAND CHARLOTTE BAG,0.025462612817022136,0.48934108527131787,11.650782405985652
CHARLOTTE BAG APPLES DESIGN,CHARLOTTE BAG SUKI DESIGN,0.015126304643775526,0.5145797598627787,11.57104351174432
CHARLOTTE BAG SUKI DESIGN,CHARLOTTE BAG APPLES DESIGN,0.015126304643775526,0.3401360544217687,11.57104351174432
PAPER CHAIN KIT VINTAGE CHRISTMAS,PAPER CHAIN KIT 50'S CHRISTMAS,0.027832400544546967,0.6731707317073171,11.509478553406225
PAPER CHAIN KIT 50'S CHRISTMAS,PAPER CHAIN KIT VINTAGE CHRISTMAS,0.027832400544546967,0.47586206896551725,11.509478553406224
ALARM CLOCK BAKELIKE RED,ALARM CLOCK BAKELIKE PINK,0.023697877275248323,0.44719314938154137,11.32717973395161
ALARM CLOCK BAKELIKE PINK,ALARM CLOCK BAKELIKE RED,0.023697877275248323,0.6002554278416348,11.32717973395161
RED RETROSPOT CHARLOTTE BAG,CHARLOTTE BAG SUKI DESIGN,0.02556345484798064,0.49127906976744184,11.047095000791014
CHARLOTTE BAG SUKI DESIGN,RED RETROSPOT CHARLOTTE BAG,0.02556345484798064,0.5748299319727891,11.047095000791012
COOK WITH WINE METAL SIGN,GIN + TONIC DIET METAL SIGN,0.015277567690213281,0.41908713692946054,10.95092909976547
GIN + TONIC DIET METAL SIGN,COOK WITH WINE METAL SIGN,0.015277567690213281,0.39920948616600793,10.95092909976547
CHARLOTTE BAG APPLES DESIGN,RED RETROSPOT CHARLOTTE BAG,0.016588514092673826,0.5643224699828473,10.84516235190873
RED RETROSPOT CHARLOTTE BAG,CHARLOTTE BAG APPLES DESIGN,0.016588514092673826,0.31879844961240306,10.84516235190873
ALARM CLOCK BAKELIKE GREEN,ALARM CLOCK BAKELIKE PINK,0.02107598447032723,0.42653061224489797,10.803807959965596
ALARM CLOCK BAKELIKE PINK,ALARM CLOCK BAKELIKE GREEN,0.02107598447032723,0.5338441890166028,10.803807959965596
RED TOADSTOOL LED NIGHT LIGHT,DOTCOM POSTAGE,0.0157817778450058,0.36866902237926974,10.356675241994413
DOTCOM POSTAGE,RED TOADSTOOL LED NIGHT LIGHT,0.0157817778450058,0.44334277620396595,10.356675241994413
LUNCH BAG VINTAGE LEAF DESIGN,LUNCH BAG APPLE DESIGN,0.018201986588009884,0.5404191616766468,10.345688449356116
LUNCH BAG APPLE DESIGN,LUNCH BAG VINTAGE LEAF DESIGN,0.018201986588009884,0.3484555984555985,10.345688449356116
WOODEN PICTURE FRAME WHITE FINISH,WOODEN FRAME ANTIQUE WHITE,0.027176927343316695,0.49,10.008414006179198
WOODEN FRAME ANTIQUE WHITE,WOODEN PICTURE FRAME WHITE FINISH,0.027176927343316695,0.5550978372811535,10.008414006179198
PLEASE ONE PERSON METAL SIGN,COOK WITH WINE METAL SIGN,0.015176725659254778,0.35621301775147934,9.771469959979378
COOK WITH WINE METAL SIGN,PLEASE ONE PERSON METAL SIGN,0.015176725659254778,0.4163208852005532,9.771469959979376
PACK OF 60 PINK PAISLEY CAKE CASES,60 TEATIME FAIRY CAKE CASES,0.017849039479655122,0.40736478711162255,9.757567418822235
60 TEATIME FAIRY CAKE CASES,PACK OF 60 PINK PAISLEY CAKE CASES,0.017849039479655122,0.42753623188405804,9.757567418822235
LUNCH BAG DOLLY GIRL DESIGN,LUNCH BAG SPACEBOY DESIGN,0.01956335400594968,0.5689149560117303,9.75219561156495
LUNCH BAG SPACEBOY DESIGN,LUNCH BAG DOLLY GIRL DESIGN,0.01956335400594968,0.3353500432152118,9.75219561156495
LUNCH BAG APPLE DESIGN,LUNCH BAG ALPHABET DESIGN,0.018807038773760904,0.36003861003861004,9.649521287696963
LUNCH BAG ALPHABET DESIGN,LUNCH BAG APPLE DESIGN,0.018807038773760904,0.504054054054054,9.649521287696961
JUMBO BAG TOYS,JUMBO STORAGE BAG SUKI,0.015025462612817023,0.5708812260536399,9.562742699596148
JUMBO STORAGE BAG SUKI,JUMBO BAG TOYS,0.015025462612817023,0.2516891891891892,9.562742699596148
DOTCOM POSTAGE,JUMBO STORAGE BAG SUKI,0.019916301114304442,0.5594900849858356,9.371931465814255
JUMBO STORAGE BAG SUKI,DOTCOM POSTAGE,0.019916301114304442,0.33361486486486486,9.371931465814255
CHOCOLATE HOT WATER BOTTLE,SCOTTIE DOG HOT WATER BOTTLE,0.015680935814047295,0.36247086247086246,9.32410455951312
SCOTTIE DOG HOT WATER BOTTLE,CHOCOLATE HOT WATER BOTTLE,0.015680935814047295,0.4033722438391699,9.324104559513119
DOTCOM POSTAGE,GREEN REGENCY TEACUP AND SAUCER,0.01668935612363233,0.46883852691218125,9.17914561130236
GREEN REGENCY TEACUP AND SAUCER,DOTCOM POSTAGE,0.01668935612363233,0.32675222112537017,9.17914561130236
JUMBO SHOPPER VINTAGE RED PAISLEY,JUMBO BAG SCANDINAVIAN BLUE PAISLEY,0.017697776433217367,0.2987234042553192,8.949518544706564
JUMBO BAG SCANDINAVIAN BLUE PAISLEY,JUMBO SHOPPER VINTAGE RED PAISLEY,0.017697776433217367,0.5302114803625378,8.949518544706564
HEART OF WICKER LARGE,HEART OF WICKER SMALL,0.024857560631271113,0.532972972972973,8.801376330535364
HEART OF WICKER SMALL,HEART OF WICKER LARGE,0.024857560631271113,0.4104912572855953,8.801376330535364
JUMBO BAG ALPHABET,JUMBO BAG APPLES,0.019714617052387435,0.4315673289183223,8.751814759138124
JUMBO BAG APPLES,JUMBO BAG ALPHABET,0.019714617052387435,0.3997955010224949,8.751814759138124
JUMBO STORAGE BAG SUKI,JUMBO STORAGE BAG SKULLS,0.018504512680885394,0.30996621621621623,8.719943214491087
JUMBO STORAGE BAG SKULLS,JUMBO STORAGE BAG SUKI,0.018504512680885394,0.5205673758865248,8.719943214491087
JUMBO BAG WOODLAND ANIMALS,JUMBO STORAGE BAG SUKI,0.022639035950184037,0.5202780996523754,8.71509759324794
JUMBO STORAGE BAG SUKI,JUMBO BAG WOODLAND ANIMALS,0.022639035950184037,0.37922297297297297,8.71509759324794
JUMBO SHOPPER VINTAGE RED PAISLEY,DOTCOM POSTAGE,0.018302828618968387,0.308936170212766,8.678655897775903
DOTCOM POSTAGE,JUMBO SHOPPER VINTAGE RED PAISLEY,0.018302828618968387,0.5141643059490085,8.678655897775903
PACK OF 72 RETROSPOT CAKE CASES,PACK OF 60 SPACEBOY CAKE CASES,0.015075883628296274,0.22651515151515153,8.639375000000001
PACK OF 60 SPACEBOY CAKE CASES,PACK OF 72 RETROSPOT CAKE CASES,0.015075883628296274,0.575,8.639375
PACK OF 72 RETROSPOT CAKE CASES,PACK OF 72 SKULL CAKE CASES,0.018807038773760904,0.2825757575757576,8.452978883861238
PACK OF 72 SKULL CAKE CASES,PACK OF 72 RETROSPOT CAKE CASES,0.018807038773760904,0.5625942684766214,8.452978883861237
JUMBO BAG SPACEBOY DESIGN,JUMBO STORAGE BAG SUKI,0.017395250340341853,0.5029154518950437,8.424258578914191
JUMBO STORAGE BAG SUKI,JUMBO BAG SPACEBOY DESIGN,0.017395250340341853,0.2913851351351351,8.424258578914191
JUMBO BAG APPLES,JUMBO BAG VINTAGE LEAF,0.01835324963444764,0.37218813905930476,8.397733062529227
JUMBO BAG VINTAGE LEAF,JUMBO BAG APPLES,0.01835324963444764,0.4141069397042093,8.397733062529227
60 TEATIME FAIRY CAKE CASES,PACK OF 72 RETROSPOT CAKE CASES,0.022840720012101044,0.5471014492753624,8.22019927536232
PACK OF 72 RETROSPOT CAKE CASES,60 TEATIME FAIRY CAKE CASES,0.022840720012101044,0.3431818181818182,8.22019927536232
JUMBO BAG PINK VINTAGE PAISLEY,JUMBO SHOPPER VINTAGE RED PAISLEY,0.02102556345484798,0.48208092485549126,8.137115729922517
JUMBO SHOPPER VINTAGE RED PAISLEY,JUMBO BAG PINK VINTAGE PAISLEY,0.02102556345484798,0.35489361702127653,8.137115729922517
JUMBO BAG OWLS,JUMBO STORAGE BAG SUKI,0.01608430393788131,0.4855403348554034,8.133210693570282
JUMBO STORAGE BAG SUKI,JUMBO BAG OWLS,0.01608430393788131,0.26942567567567566,8.133210693570282
JUMBO BAG WOODLAND ANIMALS,JUMBO BAG PINK POLKADOT,0.021630615640599003,0.49710312862108924,8.094455131315323
JUMBO BAG PINK POLKADOT,JUMBO BAG WOODLAND ANIMALS,0.021630615640599003,0.3522167487684729,8.094455131315321
LUNCH BAG SPACEBOY DESIGN,LUNCH BAG WOODLAND,0.02415166641456159,0.4140017286084702,8.073644329883765
LUNCH BAG WOODLAND,LUNCH BAG SPACEBOY DESIGN,0.02415166641456159,0.4709931170108161,8.073644329883765
JUMBO BAG SPACEBOY DESIGN,JUMBO BAG PINK POLKADOT,0.017092724247466343,0.49416909620991256,8.04667954444269
JUMBO BAG PINK POLKADOT,JUMBO BAG SPACEBOY DESIGN,0.017092724247466343,0.27832512315270935,8.04667954444269
PACK OF 72 RETROSPOT CAKE CASES,PACK OF 60 DINOSAUR CAKE CASES,0.01608430393788131,0.24166666666666667,7.975
PACK OF 60 DINOSAUR CAKE CASES,PACK OF 72 RETROSPOT CAKE CASES,0.01608430393788131,0.5307820299500832,7.975
JUMBO BAG PINK POLKADOT,DOTCOM POSTAGE,0.017395250340341853,0.2832512315270936,7.957112853933211
DOTCOM POSTAGE,JUMBO BAG PINK POLKADOT,0.017395250340341853,0.4886685552407931,7.95711285393321
LUNCH BAG CARS BLUE,LUNCH BAG PINK POLKADOT,0.025311349770584378,0.4365217391304348,7.94269325887515
LUNCH BAG PINK POLKADOT,LUNCH BAG CARS BLUE,0.025311349770584378,0.4605504587155963,7.942693258875149
LUNCH BAG APPLE DESIGN,LUNCH BAG SUKI DESIGN,0.022639035950184037,0.4333976833976834,7.929498390061121
LUNCH BAG SUKI DESIGN,LUNCH BAG APPLE DESIGN,0.022639035950184037,0.41420664206642066,7.92949839006112
JUMBO BAG VINTAGE LEAF,JUMBO BAG ALPHABET,0.015983461906922805,0.36063708759954494,7.894608563313217
JUMBO BAG ALPHABET,JUMBO BAG VINTAGE LEAF,0.015983461906922805,0.3498896247240618,7.894608563313217
LUNCH BAG SUKI DESIGN,LUNCH BAG ALPHABET DESIGN,0.01608430393788131,0.29428044280442806,7.887113543432732
LUNCH BAG ALPHABET DESIGN,LUNCH BAG SUKI DESIGN,0.01608430393788131,0.43108108108108106,7.887113543432731
JUMBO BAG PINK POLKADOT,JUMBO BAG SCANDINAVIAN BLUE PAISLEY,0.016033882922402057,0.26108374384236455,7.82186388463084
JUMBO BAG SCANDINAVIAN BLUE PAISLEY,JUMBO BAG PINK POLKADOT,0.016033882922402057,0.48036253776435045,7.821863884630839
LUNCH BAG PINK POLKADOT,LUNCH BAG  BLACK SKULL.,0.027429032420712953,0.4990825688073395,7.775573124238778
LUNCH BAG  BLACK SKULL.,LUNCH BAG PINK POLKADOT,0.027429032420712953,0.42733699921445406,7.775573124238777
JUMBO STORAGE BAG SKULLS,JUMBO BAG PINK POLKADOT,0.01668935612363233,0.46950354609929074,7.645044195227613
JUMBO BAG PINK POLKADOT,JUMBO STORAGE BAG SKULLS,0.01668935612363233,0.2717569786535304,7.645044195227613
JUMBO STORAGE BAG SUKI,JUMBO BAG SCANDINAVIAN BLUE PAISLEY,0.01522714667473403,0.25506756756756754,7.641623969135298
JUMBO BAG SCANDINAVIAN BLUE PAISLEY,JUMBO STORAGE BAG SUKI,0.01522714667473403,0.4561933534743203,7.641623969135298
JUMBO BAG WOODLAND ANIMALS,JUMBO SHOPPER VINTAGE RED PAISLEY,0.019664196036908183,0.4519119351100811,7.627888858755947
JUMBO SHOPPER VINTAGE RED PAISLEY,JUMBO BAG WOODLAND ANIMALS,0.019664196036908183,0.33191489361702126,7.627888858755947
JUMBO  BAG BAROQUE BLACK WHITE,JUMBO SHOPPER VINTAGE RED PAISLEY,0.021227247516764986,0.45123258306538044,7.6164219744133534
JUMBO SHOPPER VINTAGE RED PAISLEY,JUMBO  BAG BAROQUE BLACK WHITE,0.021227247516764986,0.3582978723404255,7.6164219744133534
LUNCH BAG CARS BLUE,LUNCH BAG WOODLAND,0.022588614934704786,0.3895652173913044,7.597096319097089
LUNCH BAG WOODLAND,LUNCH BAG CARS BLUE,0.022588614934704786,0.44051130776794495,7.597096319097089
JUMBO STORAGE BAG SUKI,JUMBO  BAG BAROQUE BLACK WHITE,0.021277668532244238,0.35641891891891886,7.576480620491873
JUMBO  BAG BAROQUE BLACK WHITE,JUMBO STORAGE BAG SUKI,0.021277668532244238,0.4523043944265809,7.576480620491873
LUNCH BAG SUKI DESIGN,LUNCH BAG CARS BLUE,0.023748298290727575,0.4345018450184502,7.493456601957324
LUNCH BAG CARS BLUE,LUNCH BAG SUKI DESIGN,0.023748298290727575,0.40956521739130436,7.493456601957324
JUMBO BAG WOODLAND ANIMALS,JUMBO  BAG BAROQUE BLACK WHITE,0.015327988705692533,0.3522595596755504,7.48806414474297
JUMBO  BAG BAROQUE BLACK WHITE,JUMBO BAG WOODLAND ANIMALS,0.015327988705692533,0.3258306538049303,7.488064144742969
JUMBO STORAGE BAG SUKI,JUMBO SHOPPER VINTAGE RED PAISLEY,0.02642061211112792,0.44256756756756754,7.470163887291546
JUMBO SHOPPER VINTAGE RED PAISLEY,JUMBO STORAGE BAG SUKI,0.02642061211112792,0.4459574468085106,7.470163887291546
PACK OF 60 PINK PAISLEY CAKE CASES,PACK OF 72 RETROSPOT CAKE CASES,0.021681036656078255,0.4948216340621404,7.4346950517836605
PACK OF 72 RETROSPOT CAKE CASES,PACK OF 60 PINK PAISLEY CAKE CASES,0.021681036656078255,0.3257575757575758,7.43469505178366
LUNCH BAG  BLACK SKULL.,LUNCH BAG SUKI DESIGN,0.025966822971814654,0.4045561665357424,7.401810379062158
LUNCH BAG SUKI DESIGN,LUNCH BAG  BLACK SKULL.,0.025966822971814654,0.47509225092250923,7.401810379062157
72 SWEETHEART FAIRY CAKE CASES,PACK OF 72 RETROSPOT CAKE CASES,0.015176725659254778,0.4894308943089431,7.353699186991871
PACK OF 72 RETROSPOT CAKE CASES,72 SWEETHEART FAIRY CAKE CASES,0.015176725659254778,0.22803030303030306,7.353699186991871
JUMBO BAG PINK POLKADOT,JUMBO  BAG BAROQUE BLACK WHITE,0.020874300408410224,0.3399014778325123,7.225365498233887
JUMBO  BAG BAROQUE BLACK WHITE,JUMBO BAG PINK POLKADOT,0.020874300408410224,0.44372990353697744,7.225365498233886
JUMBO SHOPPER VINTAGE RED PAISLEY,JUMBO STORAGE BAG SKULLS,0.015176725659254778,0.2561702127659574,7.206558623811678
JUMBO STORAGE BAG SKULLS,JUMBO SHOPPER VINTAGE RED PAISLEY,0.015176725659254778,0.42695035460992903,7.206558623811678
LUNCH BAG SPACEBOY DESIGN,LUNCH BAG CARS BLUE,0.024353350476478595,0.41745894554883317,7.199533275713051
LUNCH BAG CARS BLUE,LUNCH BAG SPACEBOY DESIGN,0.024353350476478595,0.42,7.199533275713051
LUNCH BAG SUKI DESIGN,LUNCH BAG SPACEBOY DESIGN,0.022941562043059548,0.4197416974169742,7.195105518470916
LUNCH BAG SPACEBOY DESIGN,LUNCH BAG SUKI DESIGN,0.022941562043059548,0.39325842696629215,7.195105518470915
LUNCH BAG APPLE DESIGN,JUMBO BAG APPLES,0.01840367064992689,0.35231660231660233,7.144678091763982
JUMBO BAG APPLES,LUNCH BAG APPLE DESIGN,0.01840367064992689,0.3732106339468303,7.144678091763981
JUMBO BAG PINK VINTAGE PAISLEY,JUMBO BAG PINK POLKADOT,0.019109564866636414,0.43815028901734104,7.13451123323557
JUMBO BAG PINK POLKADOT,JUMBO BAG PINK VINTAGE PAISLEY,0.019109564866636414,0.3111658456486043,7.13451123323557
JUMBO BAG APPLES,JUMBO BAG WOODLAND ANIMALS,0.015277567690213281,0.30981595092024544,7.120022890615559
JUMBO BAG WOODLAND ANIMALS,JUMBO BAG APPLES,0.015277567690213281,0.35110081112398606,7.120022890615558
JAM MAKING SET PRINTED,JAM MAKING SET WITH JARS,0.023798719306206827,0.4061962134251291,7.116686838216066
JAM MAKING SET WITH JARS,JAM MAKING SET PRINTED,0.023798719306206827,0.4169611307420495,7.116686838216065
JUMBO BAG PINK VINTAGE PAISLEY,JUMBO STORAGE BAG SUKI,0.018454091665406142,0.423121387283237,7.087640603030776
JUMBO STORAGE BAG SUKI,JUMBO BAG PINK VINTAGE PAISLEY,0.018454091665406142,0.3091216216216216,7.087640603030776
LUNCH BAG WOODLAND,LUNCH BAG PINK POLKADOT,0.019966722129783693,0.3893805309734513,7.084939514492166
LUNCH BAG PINK POLKADOT,LUNCH BAG WOODLAND,0.019966722129783693,0.363302752293578,7.084939514492166
JUMBO STORAGE BAG SUKI,JUMBO BAG PINK POLKADOT,0.025966822971814654,0.43496621621621623,7.082664175875383
JUMBO BAG PINK POLKADOT,JUMBO STORAGE BAG SUKI,0.025966822971814654,0.422824302134647,7.082664175875383
LUNCH BAG  BLACK SKULL.,LUNCH BAG CARS BLUE,0.026319770080169416,0.4100549882168107,7.071843983742615
LUNCH BAG CARS BLUE,LUNCH BAG  BLACK SKULL.,0.026319770080169416,0.4539130434782609,7.071843983742615
LUNCH BAG RED RETROSPOT,LUNCH BAG PINK POLKADOT,0.030555135380426562,0.3874680306905371,7.050140782280204
LUNCH BAG PINK POLKADOT,LUNCH BAG RED RETROSPOT,0.030555135380426562,0.5559633027522936,7.050140782280203
LUNCH BAG SPACEBOY DESIGN,LUNCH BAG ALPHABET DESIGN,0.015327988705692533,0.2627484874675886,7.042014529654979
LUNCH BAG ALPHABET DESIGN,LUNCH BAG SPACEBOY DESIGN,0.015327988705692533,0.4108108108108108,7.0420145296549785
SET OF 6 SPICE TINS PANTRY DESIGN,SET OF 3 CAKE TINS PANTRY DESIGN,0.020672616346493217,0.49160671462829736,7.039737163337922
SET OF 3 CAKE TINS PANTRY DESIGN,SET OF 6 SPICE TINS PANTRY DESIGN,0.020672616346493217,0.296028880866426,7.0397371633379215
LUNCH BAG SUKI DESIGN,LUNCH BAG WOODLAND,0.01961377502142893,0.35885608856088563,6.998223013203583
LUNCH BAG WOODLAND,LUNCH BAG SUKI DESIGN,0.01961377502142893,0.3824975417895772,6.998223013203583
LUNCH BAG PINK POLKADOT,LUNCH BAG SUKI DESIGN,0.020924721423889476,0.38073394495412843,6.965956024239142
LUNCH BAG SUKI DESIGN,LUNCH BAG PINK POLKADOT,0.020924721423889476,0.3828413284132841,6.965956024239141
LUNCH BAG WOODLAND,LUNCH BAG APPLE DESIGN,0.018605354711843897,0.36283185840707965,6.945988656165647
LUNCH BAG APPLE DESIGN,LUNCH BAG WOODLAND,0.018605354711843897,0.3561776061776062,6.945988656165647
LUNCH BAG DOLLY GIRL DESIGN,LUNCH BAG  BLACK SKULL.,0.01522714667473403,0.4428152492668622,6.898943313990321
LUNCH BAG  BLACK SKULL.,LUNCH BAG DOLLY GIRL DESIGN,0.01522714667473403,0.23723487824037706,6.898943313990321
LUNCH BAG SPACEBOY DESIGN,LUNCH BAG  BLACK SKULL.,0.0258155599253769,0.44252376836646506,6.894402119412492
LUNCH BAG  BLACK SKULL.,LUNCH BAG SPACEBOY DESIGN,0.0258155599253769,0.40219952867242736,6.894402119412491
JUMBO BAG PINK POLKADOT,JUMBO BAG STRAWBERRY,0.017546513386779608,0.2857142857142857,6.893639207507821
JUMBO BAG STRAWBERRY,JUMBO BAG PINK POLKADOT,0.017546513386779608,0.4233576642335766,6.89363920750782
LUNCH BAG WOODLAND,LUNCH BAG  BLACK SKULL.,0.02238693087278778,0.4365781710914454,6.801771301851247
LUNCH BAG  BLACK SKULL.,LUNCH BAG WOODLAND,0.02238693087278778,0.3487824037706206,6.801771301851247
LUNCH BAG SPACEBOY DESIGN,LUNCH BAG PINK POLKADOT,0.02158019462511975,0.3699222126188419,6.73088737877935
LUNCH BAG PINK POLKADOT,LUNCH BAG SPACEBOY DESIGN,0.02158019462511975,0.3926605504587156,6.730887378779349
LUNCH BAG RED RETROSPOT,LUNCH BAG DOLLY GIRL DESIGN,0.01805072354157213,0.22890025575447573,6.6565671149245125
LUNCH BAG DOLLY GIRL DESIGN,LUNCH BAG RED RETROSPOT,0.01805072354157213,0.5249266862170089,6.6565671149245125
LUNCH BAG WOODLAND,LUNCH BAG RED RETROSPOT,0.026521454142086422,0.5172074729596854,6.558680186195295
LUNCH BAG RED RETROSPOT,LUNCH BAG WOODLAND,0.026521454142086422,0.33631713554987214,6.558680186195294
JUMBO BAG RED RETROSPOT,DOTCOM POSTAGE,0.0244541925074371,0.23216850167544278,6.522093333893848
DOTCOM POSTAGE,JUMBO BAG RED RETROSPOT,0.0244541925074371,0.6869688385269122,6.522093333893848
JUMBO BAG PINK POLKADOT,RECYCLING BAG RETROSPOT,0.015075883628296274,0.24548440065681446,6.508946682121124
RECYCLING BAG RETROSPOT,JUMBO BAG PINK POLKADOT,0.015075883628296274,0.3997326203208556,6.508946682121124
LUNCH BAG RED RETROSPOT,LUNCH BAG SUKI DESIGN,0.028034084606463974,0.3554987212276215,6.504249204896142
LUNCH BAG SUKI DESIGN,LUNCH BAG RED RETROSPOT,0.028034084606463974,0.5129151291512914,6.504249204896141
LUNCH BAG SPACEBOY DESIGN,LUNCH BAG APPLE DESIGN,0.01981545908334594,0.33967156439066554,6.502612100926708
LUNCH BAG APPLE DESIGN,LUNCH BAG SPACEBOY DESIGN,0.01981545908334594,0.3793436293436293,6.502612100926707
JUMBO SHOPPER VINTAGE RED PAISLEY,JUMBO BAG PINK POLKADOT,0.02359703524428982,0.3982978723404255,6.485584320301855
JUMBO BAG PINK POLKADOT,JUMBO SHOPPER VINTAGE RED PAISLEY,0.02359703524428982,0.3842364532019704,6.485584320301855
JUMBO BAG APPLES,JUMBO STORAGE BAG SUKI,0.01895830182019866,0.3844580777096115,6.439997512850274
JUMBO STORAGE BAG SUKI,JUMBO BAG APPLES,0.01895830182019866,0.31756756756756754,6.439997512850273
JUMBO BAG PINK POLKADOT,JUMBO BAG RED RETROSPOT,0.04159733777038269,0.6773399014778325,6.430676048831906
JUMBO BAG RED RETROSPOT,JUMBO BAG PINK POLKADOT,0.04159733777038269,0.3949258018190521,6.430676048831906
JUMBO BAG SCANDINAVIAN BLUE PAISLEY,JUMBO BAG RED RETROSPOT,0.022588614934704786,0.676737160120846,6.42495361257862
JUMBO BAG RED RETROSPOT,JUMBO BAG SCANDINAVIAN BLUE PAISLEY,0.022588614934704786,0.2144566778362853,6.42495361257862
LUNCH BAG  BLACK SKULL.,LUNCH BAG RED RETROSPOT,0.03231987092220037,0.5035349567949725,6.385299743040083
LUNCH BAG RED RETROSPOT,LUNCH BAG  BLACK SKULL.,0.03231987092220037,0.409846547314578,6.385299743040083
LUNCH BAG ALPHABET DESIGN,LUNCH BAG  BLACK SKULL.,0.015277567690213281,0.40945945945945944,6.379269017642938
LUNCH BAG  BLACK SKULL.,LUNCH BAG ALPHABET DESIGN,0.015277567690213281,0.2380204241948154,6.379269017642937
JUMBO BAG STRAWBERRY,JUMBO STORAGE BAG SUKI,0.0157817778450058,0.3807785888077859,6.378362966068258
JUMBO STORAGE BAG SUKI,JUMBO BAG STRAWBERRY,0.0157817778450058,0.2643581081081081,6.378362966068258
JUMBO BAG TOYS,JUMBO BAG RED RETROSPOT,0.0173448293248626,0.6590038314176244,6.256593101247365
JUMBO BAG RED RETROSPOT,JUMBO BAG TOYS,0.0173448293248626,0.16467209191000476,6.256593101247365
LUNCH BAG APPLE DESIGN,LUNCH BAG  BLACK SKULL.,0.020924721423889476,0.40057915057915056,6.240916177090568
LUNCH BAG  BLACK SKULL.,LUNCH BAG APPLE DESIGN,0.020924721423889476,0.32600157109190886,6.2409161770905675
JUMBO BAG STRAWBERRY,JUMBO BAG RED RETROSPOT,0.02702566429687894,0.6520681265206814,6.190745406072127
JUMBO BAG RED RETROSPOT,JUMBO BAG STRAWBERRY,0.02702566429687894,0.2565820966969842,6.190745406072126
LUNCH BAG SPACEBOY DESIGN,LUNCH BAG RED RETROSPOT,0.02823576866838098,0.4840103716508211,6.137709527462107
LUNCH BAG RED RETROSPOT,LUNCH BAG SPACEBOY DESIGN,0.02823576866838098,0.35805626598465473,6.137709527462107
LUNCH BAG PINK POLKADOT,LUNCH BAG APPLE DESIGN,0.017596934402258863,0.32018348623853216,6.129535793985336
LUNCH BAG APPLE DESIGN,LUNCH BAG PINK POLKADOT,0.017596934402258863,0.33687258687258687,6.129535793985335
LUNCH BAG CARS BLUE,LUNCH BAG APPLE DESIGN,0.018504512680885394,0.3191304347826087,6.109376363941582
LUNCH BAG APPLE DESIGN,LUNCH BAG CARS BLUE,0.018504512680885394,0.35424710424710426,6.109376363941582
LUNCH BAG RED RETROSPOT,LUNCH BAG CARS BLUE,0.02793324257550547,0.35421994884910485,6.108908039586345
LUNCH BAG CARS BLUE,LUNCH BAG RED RETROSPOT,0.02793324257550547,0.4817391304347826,6.108908039586345
JUMBO BAG PINK POLKADOT,JUMBO BAG APPLES,0.01840367064992689,0.2996715927750411,6.077082514833732
JUMBO BAG APPLES,JUMBO BAG PINK POLKADOT,0.01840367064992689,0.3732106339468303,6.077082514833732
LUNCH BAG APPLE DESIGN,LUNCH BAG RED RETROSPOT,0.024555034538395602,0.47007722007722,5.9610239806851055
LUNCH BAG RED RETROSPOT,LUNCH BAG APPLE DESIGN,0.024555034538395602,0.31138107416879796,5.9610239806851055
JUMBO  BAG BAROQUE BLACK WHITE,JUMBO BAG RED RETROSPOT,0.029496294055362277,0.6270096463022509,5.952839787033289
JUMBO BAG RED RETROSPOT,JUMBO  BAG BAROQUE BLACK WHITE,0.029496294055362277,0.2800382958353279,5.952839787033289
JUMBO BAG RED RETROSPOT,JUMBO BAG SPACEBOY DESIGN,0.021630615640599003,0.20536141694590715,5.937220090799092
JUMBO BAG SPACEBOY DESIGN,JUMBO BAG RED RETROSPOT,0.021630615640599003,0.6253644314868806,5.937220090799092
JUMBO BAG RED RETROSPOT,JUMBO BAG WOODLAND ANIMALS,0.026975243281399688,0.25610339875538535,5.8856300202961265
JUMBO BAG WOODLAND ANIMALS,JUMBO BAG RED RETROSPOT,0.026975243281399688,0.6199304750869061,5.8856300202961265
WHITE HANGING HEART T-LIGHT HOLDER,RED HANGING HEART T-LIGHT HOLDER,0.024958402662229616,0.21941489361702127,5.872679602032905
RED HANGING HEART T-LIGHT HOLDER,WHITE HANGING HEART T-LIGHT HOLDER,0.024958402662229616,0.6680161943319838,5.872679602032905
JUMBO STORAGE BAG SUKI,JUMBO BAG RED RETROSPOT,0.03650481520697827,0.6114864864864865,5.805462655091664
JUMBO BAG RED RETROSPOT,JUMBO STORAGE BAG SUKI,0.03650481520697827,0.3465773097175682,5.805462655091664
LUNCH BAG VINTAGE LEAF DESIGN,LUNCH BAG RED RETROSPOT,0.015378409721171785,0.4565868263473054,5.789953022344059
LUNCH BAG RED RETROSPOT,LUNCH BAG VINTAGE LEAF DESIGN,0.015378409721171785,0.19501278772378516,5.789953022344059
JUMBO SHOPPER VINTAGE RED PAISLEY,JUMBO BAG APPLES,0.016790198154590832,0.2834042553191489,5.7471948831745205
JUMBO BAG APPLES,JUMBO SHOPPER VINTAGE RED PAISLEY,0.016790198154590832,0.34049079754601225,5.74719488317452
JUMBO BAG PINK VINTAGE PAISLEY,JUMBO BAG RED RETROSPOT,0.02611808601825241,0.5988439306358382,5.685434024078783
JUMBO BAG RED RETROSPOT,JUMBO BAG PINK VINTAGE PAISLEY,0.02611808601825241,0.24796553374820487,5.685434024078782
JUMBO BAG RED RETROSPOT,JUMBO BAG OWLS,0.019714617052387435,0.18717089516515079,5.6501679814466295
JUMBO BAG OWLS,JUMBO BAG RED RETROSPOT,0.019714617052387435,0.5951293759512938,5.6501679814466295
JUMBO BAG RED RETROSPOT,JUMBO STORAGE BAG SKULLS,0.020874300408410224,0.19818094782192436,5.575209557662731
JUMBO STORAGE BAG SKULLS,JUMBO BAG RED RETROSPOT,0.020874300408410224,0.5872340425531914,5.575209557662731
JUMBO SHOPPER VINTAGE RED PAISLEY,JUMBO BAG RED RETROSPOT,0.03428629052589119,0.5787234042553191,5.49440941914588
JUMBO BAG RED RETROSPOT,JUMBO SHOPPER VINTAGE RED PAISLEY,0.03428629052589119,0.32551460028721874,5.49440941914588
LUNCH BAG  BLACK SKULL.,CHARLOTTE BAG SUKI DESIGN,0.015378409721171785,0.2395915161036921,5.387549363814654
CHARLOTTE BAG SUKI DESIGN,LUNCH BAG  BLACK SKULL.,0.015378409721171785,0.3458049886621315,5.387549363814654
RED RETROSPOT CHARLOTTE BAG,LUNCH BAG  BLACK SKULL.,0.01774819744869662,0.34108527131782945,5.314017428159082
LUNCH BAG  BLACK SKULL.,RED RETROSPOT CHARLOTTE BAG,0.01774819744869662,0.2765121759622938,5.314017428159082
LUNCH BAG ALPHABET DESIGN,LUNCH BAG RED RETROSPOT,0.015630514798568043,0.4189189189189189,5.312288311329232
LUNCH BAG RED RETROSPOT,LUNCH BAG ALPHABET DESIGN,0.015630514798568043,0.19820971867007672,5.312288311329231
JUMBO BAG RED RETROSPOT,JUMBO BAG APPLES,0.027529874451671456,0.2613690761129727,5.300340374794057
JUMBO BAG APPLES,JUMBO BAG RED RETROSPOT,0.027529874451671456,0.558282208588957,5.3003403747940565
LUNCH BAG RED RETROSPOT,STRAWBERRY CHARLOTTE BAG,0.015176725659254778,0.19245524296675193,5.286654894403865
STRAWBERRY CHARLOTTE BAG,LUNCH BAG RED RETROSPOT,0.015176725659254778,0.4168975069252077,5.286654894403865
RECIPE BOX PANTRY YELLOW DESIGN,JAM MAKING SET WITH JARS,0.016891040185549336,0.3015301530153015,5.282904173809607
JAM MAKING SET WITH JARS,RECIPE BOX PANTRY YELLOW DESIGN,0.016891040185549336,0.2959363957597173,5.282904173809607
RECYCLING BAG RETROSPOT,JUMBO BAG RED RETROSPOT,0.020924721423889476,0.5548128342245989,5.267402078112241
JUMBO BAG RED RETROSPOT,RECYCLING BAG RETROSPOT,0.020924721423889476,0.19865964576352318,5.26740207811224
CHARLOTTE BAG PINK POLKADOT,LUNCH BAG RED RETROSPOT,0.015277567690213281,0.408355795148248,5.178337906122252
LUNCH BAG RED RETROSPOT,CHARLOTTE BAG PINK POLKADOT,0.015277567690213281,0.19373401534526855,5.178337906122252
REGENCY CAKESTAND 3 TIER,PINK REGENCY TEACUP AND SAUCER,0.019765038067866687,0.1971830985915493,5.112068489367578
PINK REGENCY TEACUP AND SAUCER,REGENCY CAKESTAND 3 TIER,0.019765038067866687,0.5124183006535947,5.112068489367578
LUNCH BAG CARS BLUE,RED RETROSPOT CHARLOTTE BAG,0.015378409721171785,0.26521739130434785,5.096953993933266
RED RETROSPOT CHARLOTTE BAG,LUNCH BAG CARS BLUE,0.015378409721171785,0.2955426356589147,5.0969539939332655
SET OF 3 CAKE TINS PANTRY DESIGN,RECIPE BOX PANTRY YELLOW DESIGN,0.01986588009882519,0.2844765342960289,5.078328627086536
RECIPE BOX PANTRY YELLOW DESIGN,SET OF 3 CAKE TINS PANTRY DESIGN,0.01986588009882519,0.3546354635463546,5.0783286270865355
JAM MAKING SET PRINTED,RECIPE BOX PANTRY YELLOW DESIGN,0.016638935108153077,0.28399311531841653,5.069698880387178
RECIPE BOX PANTRY YELLOW DESIGN,JAM MAKING SET PRINTED,0.016638935108153077,0.297029702970297,5.069698880387178
JAM MAKING SET WITH JARS,SET OF 4 PANTRY JELLY MOULDS,0.015580093783088791,0.27296819787985865,5.045459709740202
SET OF 4 PANTRY JELLY MOULDS,JAM MAKING SET WITH JARS,0.015580093783088791,0.287977632805219,5.045459709740202
REGENCY CAKESTAND 3 TIER,GREEN REGENCY TEACUP AND SAUCER,0.025664296878939143,0.256036217303823,5.012799899098441
GREEN REGENCY TEACUP AND SAUCER,REGENCY CAKESTAND 3 TIER,0.025664296878939143,0.5024679170779862,5.012799899098441
SPOTTY BUNTING,PARTY BUNTING,0.024353350476478595,0.4236842105263158,4.986901452444167
PARTY BUNTING,SPOTTY BUNTING,0.024353350476478595,0.28664688427299706,4.986901452444167
LUNCH BAG RED RETROSPOT,CHARLOTTE BAG SUKI DESIGN,0.017395250340341853,0.22058823529411764,4.960234093637455
CHARLOTTE BAG SUKI DESIGN,LUNCH BAG RED RETROSPOT,0.017395250340341853,0.39115646258503395,4.960234093637454
ROSES REGENCY TEACUP AND SAUCER,REGENCY CAKESTAND 3 TIER,0.02647103312660717,0.49295774647887325,4.917923031144615
REGENCY CAKESTAND 3 TIER,ROSES REGENCY TEACUP AND SAUCER,0.02647103312660717,0.26408450704225356,4.917923031144615
LUNCH BAG RED RETROSPOT,RED RETROSPOT CHARLOTTE BAG,0.01986588009882519,0.25191815856777494,4.841369029917326
RED RETROSPOT CHARLOTTE BAG,LUNCH BAG RED RETROSPOT,0.01986588009882519,0.38178294573643407,4.841369029917326
JAM MAKING SET WITH JARS,SET OF 3 CAKE TINS PANTRY DESIGN,0.019159985882115666,0.33568904593639576,4.807018662856706
SET OF 3 CAKE TINS PANTRY DESIGN,JAM MAKING SET WITH JARS,0.019159985882115666,0.2743682310469314,4.807018662856706
JUMBO BAG RED RETROSPOT,JUMBO BAG VINTAGE DOILY,0.017949881510613625,0.170416467209191,4.753684661265662
JUMBO BAG VINTAGE DOILY,JUMBO BAG RED RETROSPOT,0.017949881510613625,0.5007032348804501,4.753684661265662
JUMBO STORAGE BAG SUKI,LUNCH BAG SUKI DESIGN,0.015378409721171785,0.25760135135135137,4.713106643313055
LUNCH BAG SUKI DESIGN,JUMBO STORAGE BAG SUKI,0.015378409721171785,0.28136531365313655,4.713106643313055
LUNCH BAG RED RETROSPOT,WOODLAND CHARLOTTE BAG,0.015580093783088791,0.19757033248081843,4.703976475500687
WOODLAND CHARLOTTE BAG,LUNCH BAG RED RETROSPOT,0.015580093783088791,0.37094837935174074,4.703976475500687
PACK OF 72 RETROSPOT CAKE CASES,RED RETROSPOT CHARLOTTE BAG,0.01613472495336056,0.24242424242424243,4.658914728682171
RED RETROSPOT CHARLOTTE BAG,PACK OF 72 RETROSPOT CAKE CASES,0.01613472495336056,0.31007751937984496,4.658914728682171
PACK OF 72 RETROSPOT CAKE CASES,SET/20 RED RETROSPOT PAPER NAPKINS,0.01522714667473403,0.22878787878787882,4.601977687626776
SET/20 RED RETROSPOT PAPER NAPKINS,PACK OF 72 RETROSPOT CAKE CASES,0.01522714667473403,0.3062880324543611,4.601977687626776
JUMBO BAG VINTAGE LEAF,JUMBO BAG RED RETROSPOT,0.021428931578681993,0.4835039817974971,4.590394672565706
JUMBO BAG RED RETROSPOT,JUMBO BAG VINTAGE LEAF,0.021428931578681993,0.2034466251795117,4.590394672565706
JUMBO BAG PINK POLKADOT,LUNCH BAG PINK POLKADOT,0.015176725659254778,0.2471264367816092,4.4965675419171145
LUNCH BAG PINK POLKADOT,JUMBO BAG PINK POLKADOT,0.015176725659254778,0.2761467889908257,4.4965675419171145
JUMBO BAG ALPHABET,JUMBO BAG RED RETROSPOT,0.020874300408410224,0.4569536423841059,4.338325318048814
JUMBO BAG RED RETROSPOT,JUMBO BAG ALPHABET,0.020874300408410224,0.19818094782192436,4.338325318048814
JAM MAKING SET PRINTED,SET OF 3 CAKE TINS PANTRY DESIGN,0.017496092371300356,0.29862306368330466,4.276239149480853
SET OF 3 CAKE TINS PANTRY DESIGN,JAM MAKING SET PRINTED,0.017496092371300356,0.2505415162454874,4.276239149480853
SET OF 4 PANTRY JELLY MOULDS,SET OF 3 CAKE TINS PANTRY DESIGN,0.015025462612817023,0.2777260018639329,3.9769962418537057
SET OF 3 CAKE TINS PANTRY DESIGN,SET OF 4 PANTRY JELLY MOULDS,0.015025462612817023,0.21516245487364624,3.9769962418537053
JUMBO BAG RED RETROSPOT,RED RETROSPOT CHARLOTTE BAG,0.021428931578681993,0.2034466251795117,3.9098419740167203
RED RETROSPOT CHARLOTTE BAG,JUMBO BAG RED RETROSPOT,0.021428931578681993,0.41182170542635654,3.9098419740167203
LUNCH BAG RED RETROSPOT,JUMBO STORAGE BAG SUKI,0.017243987293904098,0.2186700767263427,3.6629084727310426
JUMBO STORAGE BAG SUKI,LUNCH BAG RED RETROSPOT,0.017243987293904098,0.2888513513513513,3.6629084727310426
REGENCY CAKESTAND 3 TIER,SET OF 3 REGENCY CAKE TINS,0.01552967276760954,0.15492957746478875,3.519723149895939
SET OF 3 REGENCY CAKE TINS,REGENCY CAKESTAND 3 TIER,0.01552967276760954,0.35280641466208473,3.519723149895939
JUMBO BAG RED RETROSPOT,LUNCH BAG RED RETROSPOT,0.029193767962486763,0.2771661081857348,3.5147285317440398
LUNCH BAG RED RETROSPOT,JUMBO BAG RED RETROSPOT,0.029193767962486763,0.3702046035805626,3.5147285317440393
CHARLOTTE BAG SUKI DESIGN,JUMBO BAG RED RETROSPOT,0.016336409015277567,0.36734693877551017,3.4875978155742904
JUMBO BAG RED RETROSPOT,CHARLOTTE BAG SUKI DESIGN,0.016336409015277567,0.15509813307802775,3.4875978155742904
WHITE HANGING HEART T-LIGHT HOLDER,HEART OF WICKER LARGE,0.01805072354157213,0.15868794326241137,3.4024410580793565
HEART OF WICKER LARGE,WHITE HANGING HEART T-LIGHT HOLDER,0.01805072354157213,0.38702702702702707,3.4024410580793565
JUMBO BAG RED RETROSPOT,WOODLAND CHARLOTTE BAG,0.015025462612817023,0.14265198659645764,3.39641878771614
WOODLAND CHARLOTTE BAG,JUMBO BAG RED RETROSPOT,0.015025462612817023,0.3577430972388956,3.3964187877161396
LUNCH BAG RED RETROSPOT,JUMBO BAG PINK POLKADOT,0.016285987999798315,0.20652173913043478,3.3628453630327693
JUMBO BAG PINK POLKADOT,LUNCH BAG RED RETROSPOT,0.016285987999798315,0.2651888341543514,3.3628453630327693
RED TOADSTOOL LED NIGHT LIGHT,JUMBO BAG RED RETROSPOT,0.015025462612817023,0.3510011778563016,3.332410895368133
JUMBO BAG RED RETROSPOT,RED TOADSTOOL LED NIGHT LIGHT,0.015025462612817023,0.14265198659645764,3.332410895368133
PACK OF 72 RETROSPOT CAKE CASES,LUNCH BAG RED RETROSPOT,0.017445671355821105,0.2621212121212121,3.3239450127877235
LUNCH BAG RED RETROSPOT,PACK OF 72 RETROSPOT CAKE CASES,0.017445671355821105,0.22122762148337594,3.3239450127877235
WHITE HANGING HEART T-LIGHT HOLDER,WOODEN PICTURE FRAME WHITE FINISH,0.020571774315534714,0.18085106382978725,3.2607446808510643
WOODEN PICTURE FRAME WHITE FINISH,WHITE HANGING HEART T-LIGHT HOLDER,0.020571774315534714,0.3709090909090909,3.260744680851064
LUNCH BAG PINK POLKADOT,JUMBO BAG RED RETROSPOT,0.018302828618968387,0.33302752293577986,3.1617687230183447
JUMBO BAG RED RETROSPOT,LUNCH BAG PINK POLKADOT,0.018302828618968387,0.17376735280038297,3.161768723018344
WOODEN FRAME ANTIQUE WHITE,WHITE HANGING HEART T-LIGHT HOLDER,0.017092724247466343,0.349124613800206,3.0692324758419707
WHITE HANGING HEART T-LIGHT HOLDER,WOODEN FRAME ANTIQUE WHITE,0.017092724247466343,0.1502659574468085,3.0692324758419707
WHITE HANGING HEART T-LIGHT HOLDER,NATURAL SLATE HEART CHALKBOARD,0.020924721423889476,0.18395390070921985,2.921022988603649
NATURAL SLATE HEART CHALKBOARD,WHITE HANGING HEART T-LIGHT HOLDER,0.020924721423889476,0.33226581265012006,2.9210229886036485
LUNCH BAG SUKI DESIGN,JUMBO BAG RED RETROSPOT,0.016588514092673826,0.30350553505535055,2.8814864895896446
JUMBO BAG RED RETROSPOT,LUNCH BAG SUKI DESIGN,0.016588514092673826,0.157491622786022,2.881486489589644
WHITE HANGING HEART T-LIGHT HOLDER,HEART OF WICKER SMALL,0.019714617052387435,0.17331560283687944,2.862088552093114
HEART OF WICKER SMALL,WHITE HANGING HEART T-LIGHT HOLDER,0.019714617052387435,0.32556203164029973,2.862088552093114
LUNCH BAG  BLACK SKULL.,JUMBO BAG RED RETROSPOT,0.01895830182019866,0.29536527886881386,2.8042027648660532
JUMBO BAG RED RETROSPOT,LUNCH BAG  BLACK SKULL.,0.01895830182019866,0.17999042604116802,2.804202764866053
PARTY BUNTING,PACK OF 72 RETROSPOT CAKE CASES,0.015277567690213281,0.1798219584569733,2.701824925816024
PACK OF 72 RETROSPOT CAKE CASES,PARTY BUNTING,0.015277567690213281,0.22954545454545455,2.701824925816024
PACK OF 72 RETROSPOT CAKE CASES,REGENCY CAKESTAND 3 TIER,0.018000302526092877,0.2704545454545455,2.698151408450705
REGENCY CAKESTAND 3 TIER,PACK OF 72 RETROSPOT CAKE CASES,0.018000302526092877,0.1795774647887324,2.6981514084507046
LUNCH BAG CARS BLUE,JUMBO BAG RED RETROSPOT,0.01638683003075682,0.2826086956521739,2.683091556184569
JUMBO BAG RED RETROSPOT,LUNCH BAG CARS BLUE,0.01638683003075682,0.1555768310196266,2.683091556184569
JAM MAKING SET PRINTED,JUMBO BAG RED RETROSPOT,0.015580093783088791,0.26592082616179,2.524656651635606
JUMBO BAG RED RETROSPOT,JAM MAKING SET PRINTED,0.015580093783088791,0.147917663954045,2.524656651635606
NATURAL SLATE HEART CHALKBOARD,JUMBO BAG RED RETROSPOT,0.01608430393788131,0.255404323458767,2.4248128038093473
JUMBO BAG RED RETROSPOT,NATURAL SLATE HEART CHALKBOARD,0.01608430393788131,0.1527046433700335,2.4248128038093473
PARTY BUNTING,LUNCH BAG RED RETROSPOT,0.01608430393788131,0.18931750741839765,2.4007251436247317
LUNCH BAG RED RETROSPOT,PARTY BUNTING,0.01608430393788131,0.20396419437340152,2.4007251436247317
JUMBO BAG RED RETROSPOT,PACK OF 72 RETROSPOT CAKE CASES,0.016638935108153077,0.15797032072762085,2.3735040689325033
PACK OF 72 RETROSPOT CAKE CASES,JUMBO BAG RED RETROSPOT,0.016638935108153077,0.25,2.3735040689325033
PARTY BUNTING,REGENCY CAKESTAND 3 TIER,0.019916301114304442,0.23442136498516322,2.338671494844438
REGENCY CAKESTAND 3 TIER,PARTY BUNTING,0.019916301114304442,0.19869215291750503,2.3386714948444376
WHITE HANGING HEART T-LIGHT HOLDER,JUMBO STORAGE BAG SUKI,0.015327988705692533,0.1347517730496454,2.25720600920069
JUMBO STORAGE BAG SUKI,WHITE HANGING HEART T-LIGHT HOLDER,0.015327988705692533,0.25675675675675674,2.25720600920069
REGENCY CAKESTAND 3 TIER,SET OF 3 CAKE TINS PANTRY DESIGN,0.015680935814047295,0.15643863179074446,2.240178616827318
SET OF 3 CAKE TINS PANTRY DESIGN,REGENCY CAKESTAND 3 TIER,0.015680935814047295,0.2245487364620939,2.240178616827318
JUMBO BAG RED RETROSPOT,SET OF 3 CAKE TINS PANTRY DESIGN,0.015378409721171785,0.1460028721876496,2.0907400462798953
SET OF 3 CAKE TINS PANTRY DESIGN,JUMBO BAG RED RETROSPOT,0.015378409721171785,0.22021660649819497,2.090740046279895
WHITE HANGING HEART T-LIGHT HOLDER,SET OF 3 CAKE TINS PANTRY DESIGN,0.016285987999798315,0.14317375886524822,2.050227552039327
SET OF 3 CAKE TINS PANTRY DESIGN,WHITE HANGING HEART T-LIGHT HOLDER,0.016285987999798315,0.2332129963898917,2.050227552039327
WHITE HANGING HEART T-LIGHT HOLDER,PARTY BUNTING,0.01961377502142893,0.1724290780141844,2.029546530715323
PARTY BUNTING,WHITE HANGING HEART T-LIGHT HOLDER,0.01961377502142893,0.2308605341246291,2.029546530715323
ASSORTED COLOUR BIRD ORNAMENT,WHITE HANGING HEART T-LIGHT HOLDER,0.016285987999798315,0.2219931271477663,1.9515911749652701
WHITE HANGING HEART T-LIGHT HOLDER,ASSORTED COLOUR BIRD ORNAMENT,0.016285987999798315,0.14317375886524822,1.95159117496527
WHITE HANGING HEART T-LIGHT HOLDER,JUMBO BAG RED RETROSPOT,0.022487772903746282,0.19769503546099293,1.876919884297689
JUMBO BAG RED RETROSPOT,WHITE HANGING HEART T-LIGHT HOLDER,0.022487772903746282,0.2134992819530876,1.876919884297689
LUNCH BAG RED RETROSPOT,WHITE HANGING HEART T-LIGHT HOLDER,0.01668935612363233,0.21163682864450126,1.860546641181912
WHITE HANGING HEART T-LIGHT HOLDER,LUNCH BAG RED RETROSPOT,0.01668935612363233,0.14671985815602837,1.860546641181912
PARTY BUNTING,JUMBO BAG RED RETROSPOT,0.016538093077194574,0.19465875370919883,1.848093375928454
JUMBO BAG RED RETROSPOT,PARTY BUNTING,0.016538093077194574,0.15701292484442317,1.848093375928454
WHITE HANGING HEART T-LIGHT HOLDER,REGENCY CAKESTAND 3 TIER,0.017899460495134373,0.1573581560283688,1.56986132218845
REGENCY CAKESTAND 3 TIER,WHITE HANGING HEART T-LIGHT HOLDER,0.017899460495134373,0.1785714285714286,1.56986132218845
